company,count
Tata Consultancy Services,96
Accenture,35
EXL,35
Turing,32
Persistent Systems,30
UPS,26
Amgen,19
HCLTech,18
Virtusa,13
Citigroup,13
LTM,13
Recro,12
Grid Dynamics,11
Fractal Analytics,11
Unknown,11
PricewaterhouseCoopers,11
Codvo.ai,10
KPI Partners,10
NeoGenCode Technologies Pvt Ltd,10
Luxoft India,9
ValueMomentum,9
Adobe,9
Hewlett Packard Enterprise,9
Topcoder,9
Impetus,8
Qrata,8
IntraEdge,8
Synechron,8
Cerebra IT Services Private Limited,7
Acura Solution,7
The Hartford,7
Tech Mahindra,7
Google,7
Weekday AI,7
Neal Analytics,7
Ascendion,6
WELLS FARGO BANK,6
Zensar Technologies,6
S&P Global,6
Capgemini,6
Wissen Technology,6
Deloitte,6
Arcana,6
Quantiphi,6
UST,6
Honeywell,6
MM Staffing & Career Consultants,5
Vrinda International,5
datavruti,5
Capco,5
London Stock Exchange Group,5
Xceedance,5
Fractal,5
JPMorganChase,5
Uplers,5
EliteRecruitments,5
Morningstar,5
LTIMindtree,5
Movate,5
Navi,5
Hunarstreet Technologies Pvt Ltd,5
Zemoso Technologies,5
Talent Pro,4
EdgeVerve,4
Crescendo Global,4
CGI,4
GE Vernova,4
Mantras2Success,4
dentsu,4
Sia,4
Gainwell Technologies LLC,4
Warner Bros. Discovery,4
Insight Global,4
Axtria - Ingenious Insights,4
Multi Recruit,4
TEKsystems Global Services in India,4
Tezo,4
Coforge,4
Media.net,4
Sarvam,4
ACL Digital,4
Merck Sharp Dohme Msd,4
CoffeeBeans,4
Xebia,4
Infosys BPM,4
BMW TechWorks India,4
Searce Inc,4
Applexus Technologies,4
Cradlepoint,4
AB InBev GCC India,3
CONTUS TECH,3
Evnek Technologies Pvt Ltd,3
Ampera Technologies,3
Spector.ai,3
Tredence Inc.,3
In Touch,3
ALIQAN Technologies,3
Two95 International Inc.,3
r3 Consultant,3
Logic Pursuits,3
Peak Hire Solutions,3
Dun & Bradstreet,3
Unnati,3
Ema,3
Papa Johns Global Capability Center,3
Flexera Software,3
Objectways,3
GoTymeX,3
Innefu Labs,3
Altysys,3
Brillio,3
GlobalFoundries,3
Fusemachines,3
Qualcomm,3
The HEINEKEN Company,3
Dar,3
YASH Technologies,3
Alp Consulting Ltd.,3
Genpact India,3
Infosys Finacle,3
Deqode,3
TIFIN FINTECH INDIA,3
RECEX,3
NatWest Group,3
Inovalon,3
Goldman Sachs,3
STATS PERFORM,3
Tiger Analytics,3
Kanerika Inc,3
E Solutions,3
Visa,3
Logic Planet,3
Unico Connect Private Limited,3
BayOne Solutions,3
Concentrix,3
Teradata,3
Artivatic,3
Thakral One,3
Fort Technologies,3
Barclays,3
ChargePoint,2
Srijan Technologies,2
ascendion,2
"o9 Solutions, Inc.",2
Kastech Software Solutions Group,2
"Prudent Technologies and Consulting, Inc.",2
People First Consultants,2
Dexian India,2
Sadup Softech,2
Crystal Peak,2
Bajaj Finance Limited,2
TIGI HR Solution Pvt. Ltd.,2
Infosys,2
EazyML,2
Zolvit ,2
Ebizz Infotech,2
Harman Becker Automotive Systems Manufacturing Kft,2
Seven N Half,2
HyreSpree,2
KPMG India,2
Astek,2
GoML,2
Triomics,2
Calsoft,2
MacroHire,2
Megan Soft Inc,2
Neurealm,2
Amagi Media Labs,2
Wipzo Systech Private Limited,2
Graphene Services Pte Ltd,2
Lloyds Bank,2
Itvedant Education Pvt. Ltd.,2
OEC,2
Fragma Data Systems,2
Jade Global,2
AARC Environmental,2
WebMD,2
Infotel UK,2
Marktine,2
Cohere Health,2
Mitra Innovation,2
Kotak Life,2
People Prime Worldwide,2
Peoplefy Infosolutions,2
Birlasoft,2
Blend,2
EWU,2
Smart Ship Hub,2
Barracuda Networks,2
Jumio,2
ADCI - Karnataka,2
KeyValue,2
Cornerstone onDemand,2
Amazon,2
Bootlabs Technologies Private Limited,2
Calfus Inc.,2
Orange Business,2
McDonald's,2
FM India,2
Valiance Solutions,2
Emirates NBD,2
LearningMate,2
Twixor,2
Byteridge,2
Vistex Career,2
Commonwealth Bank,2
TalentXO,2
Encora,2
ALESAYI HOLDING | العيسائي القابضة,2
GSSTech Group,2
Aspire Systems India Private Limited,2
Natwest Digitalx,2
Fluor,2
Risosu Consulting LLP,2
Euphoric Thought Technologies,2
Walmart,2
AlphaSense,2
Diageo,2
Brahma,2
ParallelDots,2
Sequoia,2
Techwave Consulting India Private,2
Wokelo AI,2
Luxoft,2
Programmers.io,2
NCS Group,2
People Tech Group Inc,2
Photon Group,2
vConstruct Private Limited,2
Jiostar India,2
Infosys Limited,2
Nike,2
IndiHire,2
Airbnb,2
Augury,2
Wabtec Corporation,2
Hireginie,2
enGen Global,2
Cotiviti,2
Stellantis,2
Rakuten Symphony,2
Simform,2
Opella,2
Karix,2
Clarivate,2
Kyndryl,2
InTouch CX,2
Zscaler,2
Innover Systems,2
Publicis Sapient,2
Lorven Technologies Inc.,2
Stellaspire,2
eClerx,2
UnitedHealth Group,2
InfoVision Inc.,2
Jobdost,2
Aceolution India,2
Recruit Square,2
AnandRathi,2
Intellect Design Arena Ltd,2
Fission Labs,2
Tanla Platforms Limited,2
Sagility,2
GreatHR Solutions,2
RapidBrains,2
Albertsons Companies India,2
Innodata Inc.,2
Radiant Digital,2
Red Hat,2
Qubrid AI,2
NielsenIQ,2
Glance,2
UsefulBI Corporation,2
ABB,2
DXC Technology,2
BSR & Co,2
Leading MNC,2
SAP,2
Firstsource,2
Andor Tech,2
Target,2
AI AXISS INC,2
Omni Recruit Private Limited,2
Straive,2
Three Across,2
RELX INC,2
Intuit,2
Dhurin,2
Bandhan Technologies,2
Optum,2
upGrad International,2
Arrowhead,2
PwC Acceleration Center India,2
Nouryon,2
WNS,2
Cadence Systems,2
TekWissen India,2
Trigent Software Private Limited,2
ValueLabs,2
Goldcast,1
Hashone Career,1
"First Tek, Inc.",1
Health Catalyst,1
Shiprocket,1
We Search,1
Expedia,1
NP Group,1
CorroHealth,1
PubMatic,1
BOLD,1
BlinkRx,1
GoAsia Talent,1
NXP Semiconductors,1
Grundfos GmbH,1
Reliance Industries Limited,1
Talent500,1
Pepsico,1
The Digital Loom,1
Analytix-Hub.ai,1
G-P,1
Laundryheap,1
Cytiva Life Science,1
Wohlig Transformations Pvt Ltd,1
Mantras2Success.com,1
EY,1
Smiths Detection,1
OSTTRA,1
Mr. Cooper Group,1
Hirestar job Bank,1
Jefferies Financial Group,1
Pipaltree AI,1
Acumatica,1
Zimmer Biomet,1
Panasonic Avionics Corporation,1
NEC Software Solutions ,1
Mastercard,1
QuantumLoopAI,1
LRN Corporation,1
Prevalent AI,1
True Tech Professionals,1
SII Group India,1
Bloomreach,1
Delta Exchange,1
Stantec,1
Shakudo,1
Voicegain,1
O-Health,1
Maersk,1
Zendesk,1
Virallens,1
SingleInterface,1
TEKNIKOZ,1
Loopio,1
PropStream,1
GoTo Technologies,1
ADCI MAA 15 SEZ - K20,1
Thinqor,1
Foundation SVKM,1
Orion Innovation Naukri,1
Orion Innovation,1
Comcast Corporation,1
GeBBS Healthcare Solutions Inc,1
HID Global Corporation,1
RackAnStack Private Limited,1
MindBrain,1
Adobe Inc,1
Haleon plc,1
ZainTECH,1
Under Armour India,1
Careernet,1
Sutra.AI,1
Suki,1
AlphaSense India,1
Infrrd,1
ShareChat,1
TCS,1
Bill Gosling Outsourcing,1
IMS Group,1
Indium,1
Talentoj,1
WebMD Health Corp,1
Conrad Hong Kong,1
CurieDx,1
Toast,1
IRIS software,1
Gabeo.ai,1
WSP,1
Gapblue Software Labs Pvt Ltd,1
SkySun,1
Caterpillar,1
Shef Solutions Inc.,1
SuperProcure,1
AMINA Group,1
Equitas Small Finance Bank,1
Right Advisors,1
Navrang HR Solutions,1
Leading Client,1
Idexcel,1
ADCI - BLR 14 SEZ - F07,1
Jobgether,1
Airbus,1
Kwality Wall's,1
Providence India,1
Gedu Global,1
IKS Health,1
Evalueserve,1
Highrise Solutions LLP,1
RSPL Group,1
CMMI L5 Company,1
Emids,1
Cognite,1
Takeda,1
Point72,1
ImagineArt,1
Securly,1
Black Duck Software,1
InRhythm,1
Tata Elxsi Limited,1
Amina,1
Aftershoot,1
Leena Ai,1
Blue Yonder,1
Wells Fargo,1
Applied Data Finance,1
Infinit-O,1
NTT,1
Kenvue,1
Delphi Consulting,1
The Cigna Group,1
Programming Com,1
Ion,1
Prorsum Technologies,1
Newtuple Technologies,1
Software Engineering Firm,1
Avoma,1
RivetStays,1
Seceon Inc.,1
Capgemini Engineering,1
Deutsche Börse Group,1
Rockwell Automation,1
IBS Software,1
IntVerse.io,1
BrandSafway,1
dotSolved System Inc.,1
Prescience Decision Solutions,1
The Simpsons,1
Diligentminds,1
Databuzz,1
Redwood Software,1
Orangemint Technologies Private Limited,1
Vdart Inc,1
Crisil,1
Black Turtle,1
Accolite Software India Pvt Ltd,1
Infogain Pte Ltd,1
Llp S3bglobal Technologies,1
Storable India Private Limited,1
S&P Global Market Intelligence,1
ExxonMobil,1
Icici Bank Limited,1
EYEGLOBAL SOLUTIONS PVT. LTD.,1
Morningstar India Private Limited,1
Real,1
Sutherland Global Services Private Limited,1
Diebold Nixdorf,1
ProductSquads,1
FinThrive,1
TELUS,1
alphastream.ai,1
Payoneer Workforce Management ,1
LEUTE PASSEN INDIA PRIVATE LIMITED,1
Eaton Corporation,1
Nexturn India Private Limited,1
Nineleaps Technology Solutions Private Limited,1
ParvixCloud,1
Ivis International Private Limited,1
Navitas Business Consulting,1
FAI,1
Glenmark Pharmaceuticals,1
AcquireX,1
"XPO, Inc.",1
Wipro,1
Sumo Logic,1
Evonence,1
Redfoxa Careerlink Pvt Ltd,1
Jaipur Engineering College and Research Centre ,1
Clario,1
Ecomm-Inroads,1
Ghrs Training,1
Collabera,1
Ecolab,1
Showpad,1
Harman Connected Services Corporation India Private Limited,1
BIG Language Solutions,1
GreyOrange,1
Eteam,1
Fuzixel Technologies,1
Synechron Technologies Private Limited,1
Syddhi Software,1
Payoneer,1
Aptiv,1
SmartDocs Business Solutions,1
American Technology Consulting,1
Tiger Analytics Inc.,1
Myrsa Technology Solutions,1
Phenom People,1
KiwiTech,1
Applicantz,1
Mithra Global,1
iThink Logistics,1
White Collar Org,1
Cog Culture,1
Service Pack,1
InvokHR,1
Wolken Software,1
Gipfel & Schnell Consultings Pvt Ltd,1
Mr n Mrs Pet,1
Carsome,1
InFoCusp,1
GeniaTEQ,1
Sigma Infosolutions,1
Docsumo,1
Bitscale,1
Marj Technologies,1
PopcornApps,1
Hexagon Executive Search,1
wrackle,1
Natalie Consultants,1
GreedyGame,1
Codebuddy Pvt. Ltd.,1
Indofast Energy,1
Thena,1
Kapture CX,1
AIMonk Labs Pvt Ltd,1
HQ,1
Epik Solutions,1
Litpix Studio Private Limited,1
Immunogen Pharmaceutical,1
xyz,1
Miro,1
Vmultiply solutions,1
Money Honey Financial Services Private Limited,1
"Opalforce, Inc.",1
Talentgigs,1
LMES Academy,1
Rivendell Technologies Inc,1
UpSolve Solutions LLP,1
Edu Angels India Private Limited,1
Peenak Business solutions,1
MyCareernet,1
AVE-Promagne Business Solutions LLP,1
Career One Stop,1
RadicalStart Infolab Private Limted,1
BigHit,1
Praveza Consultancy Private Limited,1
DAZN,1
"DATASEE.AI, INC.",1
Chandigarh University - HR Department,1
SoluLab,1
Aikon Labs Private Limited,1
Andesoft Consulting,1
Zycus,1
SveltetechTechnologies Pvt Ltd,1
FlexAbility,1
SmartJoules,1
imdNEXT Consulting Services,1
Presidency University,1
Awign,1
Namaste Credit,1
Lincode Labs India Pvt Ltd,1
AthenasOwl,1
DeepAffects,1
Falcon Autotech,1
Quantiphi Inc.,1
Niki.ai,1
CloudMoyo,1
The Smart Cube,1
Bread Financial,1
Malaysian Global Innovation and Creativity Centre,1
Carmozo,1
UnFound,1
Ixora Global Services,1
PublicVibe,1
Deemsoft,1
Ally Software LLP,1
Cyphertree Technologies Pvt. Ltd.,1
Ascentt,1
Indium Software,1
IIT Madras,1
PineQ Lab Technology,1
Extramarks,1
Latent Bridge Pvt Ltd,1
DIGITAL BRAIN MEDIA,1
Krish Technolabs,1
Sizzle,1
CES Information Technologies,1
Texila American University,1
IRIS BUSINESS SERVICES LIMITED,1
BitClass,1
Artifex HR,1
Innova ESI,1
Reality Premedia Services Pvt Ltd,1
i-Lanam Technologies,1
Hammoq,1
Aureus Tech Systems,1
Syrencloud,1
MSMEx,1
Cibirix,1
SIlverPeople Consulting,1
Recruiting India,1
Toyota Connected,1
Top Closers,1
Merck,1
Fatakpay,1
Highfly Sourcing,1
Gieom Business Solutions Pvt Ltd,1
Twilio,1
GoTo,1
symplr,1
Energy Exemplar,1
DigiCert,1
"Mercari, Inc. ",1
TrumetricAI,1
Falabella India,1
Sourcebae,1
ComCap Holdings LLC,1
Capital Squared,1
Clinton Health Access Initiative,1
Safran,1
Keywords Studios,1
Ladera Technology,1
Technogen,1
Saaki Argus and Averil Consulting,1
Vijay Sales,1
ToppersNotes,1
100Ms,1
Ahead,1
Versatile People,1
Rulesiq,1
Guidewire,1
SecPod,1
KimCC Services Pvt Ltd,1
Hudson Data,1
TIFIN FINTECH INDIA LLP,1
KLA,1
HYCU,1
The Toro Company,1
CAPGEMINI TECHNOLOGY SERVICES INDIA LIMITED,1
AVU Business Solutions,1
Novrelease,1
"ServiceNow, Inc.",1
Whitefield Careers,1
Dynarex Technologies PvtLtd,1
Fox,1
Agdata Lp,1
Conceit Consultancy Services,1
Unotech Global,1
Eka Software Solutions,1
Dipole Group,1
QAgile Services,1
Arcana Analytics,1
Metadome.ai,1
Marble X,1
Autonomize AI,1
Abbyy,1
SiftHub,1
MyData Insights Private Limited,1
Vision Infotech,1
NAVVYASA CONSULTING PRIVATE LIMITED,1
Techwize,1
Mangalam Information Technolgies Pvt,1
PLS Lawyers Pvt Ltd,1
Xenon7,1
Jio,1
Rohini IT Consulting LLP,1
layer tech IT solutions,1
Indigrators solutions,1
Level AI,1
Daikin,1
Amicus Therapeutics,1
BigRio,1
Talhive,1
Vector Labs Tech,1
Wee4 Tech Solutions,1
Finvest,1
UOA Immigration Lawyers,1
Affine,1
ProPMO Services Private Limited,1
Brainpan Innovations,1
Forerunner Consultancy Services,1
RegisterKaro,1
Appitsimple infotek Pvt. Ltd.,1
MindHind,1
Whatfix,1
Ekloud INC,1
Intelliatx Therapeutics,1
"Reveille Technologies,Inc",1
Symbiosis University of Applied Sciences,1
Blue Altair,1
ACSE,1
Synorus,1
Baadalsoft LLC,1
Parspec,1
Whitecrow,1
FloData,1
aurusai,1
Dautom,1
Hashone Careers Private Limited,1
Bask Health,1
SCG,1
Hevo Data,1
ICAD school of Learning,1
Scaling Theory,1
Aubrant Digitial,1
Potentiam,1
Archstore Tech Solutions Pvt,1
HOS Global Foods,1
SKS Enterpprises,1
The Syndicate Tech,1
InRhythm Solutions,1
Cargill,1
Alpha Variance Solutions,1
Mitchell Martin Inc.,1
IT Services and Consulting,1
NMD Placement Consultancy,1
Creative Synergies Group,1
CloudNuro,1
Silicon Patterns,1
DMAIC Academy & Consultancy,1
HSBC Global Services Limited,1
Tekwissen India,1
proMX,1
SELLABILITY,1
Laser Labs,1
Airtel Digital,1
BAY6.AI,1
Accolite,1
McCormick & Company,1
Genpact,1
BayOne,1
DeHaat,1
Apex Systems,1
Reflections Info Systems,1
RoundCircle,1
WhiteLotus Talent Partners,1
Healthcare Consulting MNC,1
All Generation Tech,1
The NorthCap University,1
Finzarc,1
AlgoTutor,1
Superleap AI CRM,1
NonStop io Technologies Pvt Ltd,1
ixigo,1
Mareana,1
Acme Services Private Limited,1
Indegene,1
RedDoorz,1
Solugenix,1
Digitas India,1
JMAN Group,1
Accel4 Inc,1
CitiusTech,1
Nucore Software Solutions,1
Volkswagen Group Digital Solutions [India],1
Human Archive ,1
Teamware Solutions,1
IIDE,1
RELX,1
Exotel Techcom,1
Zywave,1
IQVIA,1
Mindfire Solutions,1
Sikich India,1
SANAARI SOFTWARE SOLUTIONS PRIVATE LIMITED,1
xfactrs Inc.,1
Lynx Analytics,1
Indian Institute of Management Bangalore,1
Anudip Foundation,1
AT&T,1
Urban Money,1
Onni Group of Companies,1
ZestIoT,1
Aceolution,1
TMF Group,1
Hyqoo,1
Bahwan CyberTek,1
BSH Home Appliances India,1
RingCentral,1
ITC Infotech,1
Sonata Software,1
Infovision,1
ALLEN Digital,1
Coherent Corp.,1
Numeric Technologies,1
WinWire,1
Reqpedia,1
Bottomline,1
Cadence,1
Nokia Global,1
Signify,1
CarDekho Group,1
Version 1,1
Sav.com,1
"Maganti IT Resources, LLC",1
Adept Global,1
Lauren Group,1
ShiaanX,1
Kamakhya Analytics Private Limited,1
Chevron,1
Fluidech,1
AU SMALL FINANCE BANK,1
atQor,1
HyperMindZ.ai,1
AiLogic Neural Network Pvt Ltd,1
CRS Outsourcing PVT.LTD,1
Incedo Inc.,1
Quess Global Recruitment Services,1
Anlage Digital,1
Dun & Bradstreet India,1
Dr. Martens plc,1
Impact Analytics,1
Value Health Inc,1
Info Services,1
Obrimo Technologies,1
MakeMyTrip,1
Forvis Mazars Group,1
IBM,1
TechKareer,1
Game District,1
University of Aberdeen - Mumbai,1
Uffizio,1
TrueID,1
"Pretium Enterprise Services, India",1
Celestial BI,1
Pashtek • Salesforce Partner | Data & AI,1
"RealPage, Inc.",1
AppsForBharat,1
Bajaj Consumer Care,1
Officeworks,1
Teamlease Digital Private Limited,1
Flutter,1
Hitachi Solutions,1
Kimberly-Clark,1
Hitachi,1
University Of Cambridge,1
Genisys Information Systems India Private Limited,1
Chubb Business Services India Private Limited,1
Intuitive Apps India Private Limited,1
Carelon Global Solutions,1
Mancraft Consulting,1
FICO,1
Humaura Talent,1
Networth Corp,1
BuildxPartners,1
HabileLabs,1
Tekskills India Private Limited,1
Zyoin Group,1
Phenom,1
Zenoti,1
First American ,1
Pune Institute of Business Management,1
upGrad,1
Craqit,1
Wisemonk,1
CSquare Consultants,1
Procore Technologies,1
NuSummit Cybersecurity,1
mCaffeine,1
EveriAI.AI,1
Arvind Limited,1
Callaway Digital Technologies,1
Infotech.Works,1
SynapOne,1
Hubhopper,1
Neilsoft,1
Lingaro,1
omniXM,1
C2FO,1
iQuanti,1
ICICI Lombard,1
TVARIT,1
Cherry Bekaert,1
Myntra,1
Tech Mahindra Limited,1
Valuecoders,1
Mancer Consulting Services,1
CSi - LANDMARK GROUP,1
Information Tech Consultants,1
Accion Labs,1
Celebal Technologies,1
Marsh,1
Infolabs Global,1
Synechron Technologies Pvt. Ltd.,1
DotKonnekt,1
ideas to impacts innovation pvt ltd,1
Wroots Global Private Limited,1
NatWest Markets,1
"TWO95 International, Inc",1
Godrej Properties,1
A P Moller Maersk,1
Cars24 Services Private Limited,1
Wayfair,1
First Advantage,1
Kagool,1
ThinkWise Consulting LLP,1
Schneider Electric,1
QX Global Group,1
StockWiz Technologies LLP,1
Star Union Dai-ichi Life Insurance Company Limited,1
Interactly.ai,1
Perfect Clicks LLC,1
Workfall,1
Spes Manning,1
Selections HR Services Private Limited,1
Haleon,1
The Edge Partnership - The Edge in Asia,1
Oracle,1
Bluo software india LLP,1
OmniDimension,1
"Enterprise Minds, Inc",1
Generac,1
Asian Hires,1
Quess Corp Limited,1
ZettaMine Labs Pvt. Ltd.,1
Solvex Solutions,1
Radix Analytics Pvt Ltd,1
Visara Partners,1
Landmark Group,1
HealthEdge,1
Employ,1
Verdantas,1
Quickeee,1
NewCold,1
iMerit Technology,1
Jet Freight Logistics Limited,1
BPMLinks,1
Winsupply,1
Wabtec,1
VARITE INC,1
Flexera Software India LLP,1
Persistent,1
EQL Global,1
Onebridge,1
Taggd,1
Mahindra and Mahindra Limited [Automotive and Farm Equipment Business],1
Mastech Digital,1
Home Credit India,1
TrueBlue Inc.,1
Cognizant,1
AVIGNAAI PRIVATE LIMITED,1
Tableau Software,1
Tether Operations Limited,1
Clarion Technologies,1
Paperchase Accountancy ,1
PGP Glass Ltd.,1
RBL Bank,1
Ganit Inc.,1
Tata CLiQ Fashion,1
AIM,1
Navsan,1
"C3iHub, IIT Kanpur",1
Bridge AI,1
Optima,1
Sakon,1
SciSpace,1
Talentojcom,1
Experion Technologies,1
Tredence,1
The Premier Consultants Recruitment Company,1
LeadSquared,1
Doceree,1
TVS Credit Services Ltd.,1
Scopely,1
Credence HR Services,1
Accel Digital Ad Operations,1
Sopra Steria,1
Saviynt,1
Sabre,1
Quality Engineering,1
Kotak Mahindra Bank,1
Randstad Enterprise,1
TECEZE,1
Undisclosed,1
Quest Global,1
Live Connections,1
Bennett Coleman & Co. Ltd. ,1
InfoTech Consultancy,1
L&T Technology Services,1
Raft Media Systems Pvt Ltd,1
Collinson Group,1
InCommon,1
AQM Technologies,1
"NTT America, Inc.",1
"NTT Data Americas, Inc.",1
Blend360,1
SK Finance Ltd,1
TELUS Digital AI Data Solutions,1
Ocugen India Pvt Ltd,1
Relevance Lab,1
Patra Corporation,1
Cleantech Industry Resources ,1
JioHotstar,1
EverestDX Inc,1
Innover Digital,1
Kivi-Tronics Consulting,1
Technovert,1
Magnit,1
BuzzBoard,1
Swimlane,1
Ecolab Digital Center,1
Harjai Technologies,1
Verisk Analytics,1
h2o.ai,1
Black Box,1
EIRIS,1
Good Health Company,1
Zealant Consulting Group,1
E-Solutions,1
Digital Twin,1
Azilen Technologies,1
Newton School of Technology,1
Ishan Technologies,1
TELUS Digital,1
Mindbowser Inc,1
LanceSoft Middle East,1
Pravar AI,1
Brainware University,1
SVKM's Narsee Monjee Institute of Management Studies ,1
Experian,1
TalentXM ,1
Refining Skills Academy,1
Colan Infotech Private Limited,1
Arting Digital Private Limited,1
Solventum,1
Bristol Myers Squibb,1
CHANDIGARH UNIVERSITY,1
People Inc.,1
Capgemini Invent,1
Hiring Specialist | BFSI • FinTech • AI • Technology Recruitment,1
Creditsafe Technology,1
Epsilon,1
Bits In Glass,1
Recykal.com,1
Daice Labs,1
Will Sparrow Technologies,1
HG Insights,1
eBay,1
BNP Paribas,1
Kytes,1
LogFix SCM Solutions Pvt Ltd,1
IntelliPredikt Technologies,1
airtel,1
Routed Media,1
Palo Alto Networks,1
Asper.ai,1
Sales & Profit,1
Trelleborg Group,1
CK-12 Foundation,1
Mizuho,1
Rakuten,1
Alternative Path,1
Huptech HR Solutions,1
Sol-Millennium Medical Group,1
FPL Technologies,1
Satwic Inc,1
GeMTech PARAS,1
Johnson Electric,1
Poornima University,1
Neuvamacro Technology Pvt Ltd,1
NebuLogic Technologies,1
TAC Security,1
Gantec Corporation,1
Confidential,1
Codefeast,1
Glimmora International,1
Omega Healthcare Management Services,1
InfoBeans,1
IndusTech Consultancy LLP,1
stradaji,1
LS Digital Group,1
TotalEnergies,1
SRS BUSINESS SOLUTIONS INDIA PRIVATE LIMITED,1
Taglynk,1
bluCognition,1
API Holdings,1
Protium,1
Cloud Raptor,1
Nath Outsourcing Solutions Pvt. Ltd.,1
ClearDemand,1
Nexus Jobs,1
KALPATARU PROJECTS INTERNATIONAL LIMITED,1
WNS Global Services,1
Amplify Health,1
T3RA Logistics,1
Momentum Group Limited,1
Prodege India,1
Evolver,1
HP,1
Coupa Software,1
Sisco Jobs,1
Verizon,1
JioStar,1
Teqfocus,1
Sun King,1
Cision,1
Atari,1
Ashra Technologies Private Limited,1
Beghou,1
Accenture in India,1
Qruize Inc,1
Armakuni,1
One Counsel Inc.,1
Comviva,1
"Milestone Technologies, Inc.",1
Team Geek Solutions,1
Boomi,1
Amicus India,1
Marsh McLennan,1
Morgan Stanley,1
Mphasis,1
Ajanta Pharma Ltd,1
Accordion India,1
QualiZeal,1
Eventible,1
VDart Digital,1
Digit88 Technologies,1
Adyen,1
Amukha Technologies Private Limited,1
Rimini Street,1
Razorpay,1
H&R Block India,1
Thuli Studios,1
Talent et au-dela,1
SkilloVilla,1
Smarsh,1
SID Global Solutions,1
Tata Electronics,1
hackajob,1
Paisabazaar,1
VMock,1
Mobily Infotech,1
Fulcrum Digital,1
Branch International,1
Staffnixcom,1
Nykaa,1
InitiateFirst Information Services,1
Gionik Human Capital Solutions,1
WaferWire Cloud Technologies,1
JOOLA,1
C5i,1
Pine Labs,1
Flipkart,1
Evoke HR Solutions Pvt. Ltd.,1
Jupiter,1
Tradeindia.com - Infocom Network,1
